PropertyName,Area,Rooms,Price (per thousand pounds),Walking time to the nearest metro station (mins),"Furnishing ( Furnished, Partially Furnished, Not Furnished)",Pet Accepted,Availability,Supermarket Nearby,School Nearby (Y/N),Buy/Rent,Balcony,Size (sqft),No. of toilets,Property Type,Level,Greater London/London,,
,,,,,,,,,,,,,,,,,,
Roselands,Wandsworth,Four or more Bedrooms,2167,8,Furnished,Yes,9/18/2021,No,No,Rent,Yes,1383,6,Detached/Landed,Low,Greater London,,
26 Greenridge Crescent,Havering,Two Bedroom,825,15,Partially Furnished,No,9/19/2021,Yes,No,Rent,Yes,760,1,Detached/Landed,Low,Greater London,,
28 Greenridge Crescent,Inner London,One Bedroom,450,5,Not furnished,Yes,9/20/2021,No,Yes,Rent,No,630,1,Detached/Landed,Low,London,,
Meadow Lodge,NORTH WEST,One Bedroom,290,22,Furnished,Yes,9/21/2021,No,No,Rent,Yes,648,1,Detached/Landed,Low,London,,
Brown End,Hounslow,Two Bedroom,1000,17,Partially Furnished,Yes,9/22/2021,Yes,No,Buy,Yes,755,1,Detached/Landed,Low,London,,
Firlands,Sutton,One Bedroom,695,23,Not furnished,Yes,9/23/2021,Yes,Yes,Buy,No,672,1,Detached/Landed,Low,London,,
30 Greenridge Crescent,NORTH WEST,One Bedroom,412,1,Partially Furnished,No,9/24/2021,No,Yes,Rent,No,416,1,Detached/Landed,Low,London,,
Newtown Lodge,Hounslow,Three Bedroom,1225,7,Furnished,Yes,9/25/2021,Yes,Yes,Rent,No,1021,2,Detached/Landed,Low,Greater London,,
Primroseside,EAST MIDLANDS,Four or more Bedrooms,495,26,Partially Furnished,Yes,9/26/2021,Yes,No,Buy,No,1335,4,Detached/Landed,Low,Greater London,,
Seaside,SOUTH WEST,Four or more Bedrooms,1025,23,Partially Furnished,Yes,9/27/2021,Yes,Yes,Buy,No,1318,5,Detached/Landed,Low,Greater London,,
The Firs,Tower Hamlets,Two Bedroom,1430,3,Partially Furnished,Yes,9/28/2021,No,No,Rent,Yes,743,1,Detached/Landed,Low,Greater London,,
Primroseways,Camden,Four or more Bedrooms,1582,9,Not furnished,No,9/29/2021,No,Yes,Rent,No,1314,4,Detached/Landed,Low,Greater London,,
Christian's House,City of London,One Bedroom,1625,20,Furnished,Yes,9/30/2021,Yes,Yes,Buy,Yes,638,1,Detached/Landed,Low,Greater London,,
Chilly Lodge,YORKSHIRE AND THE HUMBER,Four or more Bedrooms,475,26,Partially Furnished,Yes,10/1/2021,No,No,Buy,Yes,1485,7,Detached/Landed,Low,Greater London,,
The Roses,Hackney,One Bedroom,1148,23,Partially Furnished,Yes,10/2/2021,No,No,Rent,Yes,546,1,Detached/Landed,Low,London,,
Fir House,Tower Hamlets,One Bedroom,467,29,Furnished,Yes,10/3/2021,Yes,Yes,Buy,Yes,576,1,Detached/Landed,Low,London,,
Rose Lodge,Westminster,Three Bedroom,3142,20,Partially Furnished,No,10/4/2021,Yes,No,Rent,Yes,1044,2,Detached/Landed,Low,Greater London,,
The Old Barn,Brent,One Bedroom,953,20,Furnished,No,10/5/2021,No,Yes,Buy,No,643,1,Detached/Landed,Low,Greater London,,
Sea View,Hackney,Four or more Bedrooms,2167,16,Partially Furnished,No,10/6/2021,Yes,No,Rent,No,1225,6,Detached/Landed,Low,Greater London,,
Donkey's End,Hammersmith and Fulham,Three Bedroom,1950,8,Not furnished,Yes,10/7/2021,Yes,Yes,Buy,No,911,1,Detached/Landed,Low,London,,
Le Petit Chambre,WEST MIDLANDS,Four or more Bedrooms,850,26,Partially Furnished,Yes,10/8/2021,No,No,Buy,Yes,1367,5,Detached/Landed,Low,Greater London,,
MiniPalais,Hammersmith and Fulham,One Bedroom,1213,8,Partially Furnished,Yes,10/9/2021,Yes,Yes,Rent,No,526,1,Detached/Landed,Low,London,,
The Dorm Room,Outer London,Four or more Bedrooms,950,21,Not furnished,Yes,10/10/2021,No,No,Rent,Yes,1561,7,Detached/Landed,Low,Greater London,,
EcoStay,SOUTH WEST,One Bedroom,325,17,Furnished,No,10/11/2021,Yes,No,Rent,Yes,433,1,Detached/Landed,Low,London,,
Shoebox,YORKSHIRE AND THE HUMBER,One Bedroom,390,7,Furnished,No,10/12/2021,Yes,Yes,Rent,Yes,576,1,Detached/Landed,Low,Greater London,,
The Den,Havering,Four or more Bedrooms,1450,17,Partially Furnished,No,10/13/2021,Yes,No,Rent,Yes,1203,4,Detached/Landed,Low,Greater London,,
Wild Estates,Barking and Dagenham,Four or more Bedrooms,1250,14,Not furnished,Yes,10/14/2021,No,Yes,Rent,Yes,1486,7,Detached/Landed,Low,Greater London,,
La Grande Maison,YORKSHIRE AND THE HUMBER,Two Bedroom,475,9,Partially Furnished,Yes,10/15/2021,No,No,Rent,No,792,1,Detached/Landed,Low,London,,
The Glass House,EAST,Two Bedroom,590,21,Furnished,Yes,10/16/2021,Yes,No,Rent,No,751,1,Detached/Landed,Low,Greater London,,
Noble Park,Greenwich,One Bedroom,750,8,Furnished,No,10/17/2021,Yes,No,Rent,Yes,464,1,Detached/Landed,Low,Greater London,,
Each to Their Home,WEST MIDLANDS,Two Bedroom,500,24,Partially Furnished,No,10/18/2021,Yes,Yes,Rent,Yes,753,1,Detached/Landed,Low,London,,
The Retreat,Islington,Four or more Bedrooms,2600,24,Not furnished,Yes,10/19/2021,Yes,Yes,Rent,No,1586,6,Detached/Landed,Low,London,,
Homemaker,Barnet,One Bedroom,450,23,Furnished,Yes,10/20/2021,No,Yes,Buy,Yes,492,1,Detached/Landed,Low,Greater London,,
Grand Rosso,Sutton,Four or more Bedrooms,790,19,Partially Furnished,No,10/21/2021,No,No,Buy,No,1343,4,Detached/Landed,Low,London,,
Homes Pointe,Newham,Three Bedroom,1200,10,Not furnished,Yes,10/22/2021,Yes,Yes,Buy,No,1140,3,Detached/Landed,Low,London,,
LightHouse,Kensington and Chelsea,One Bedroom,607,26,Not furnished,No,10/23/2021,Yes,No,Rent,Yes,425,1,Detached/Landed,Low,London,,
Brick and Morty,Outer London,Four or more Bedrooms,900,21,Partially Furnished,No,10/24/2021,No,Yes,Buy,Yes,1303,5,Detached/Landed,Low,Greater London,,
The Bach Pad,Redbridge,One Bedroom,410,8,Furnished,No,10/25/2021,No,No,Rent,Yes,625,1,Detached/Landed,Low,Greater London,,
Greenwood,SOUTH WEST,Two Bedroom,595,20,Partially Furnished,No,10/26/2021,No,Yes,Rent,Yes,732,2,Detached/Landed,Low,London,,
VineWood,Redbridge,Three Bedroom,1200,30,Furnished,Yes,10/27/2021,Yes,Yes,Buy,Yes,1009,2,Detached/Landed,Low,Greater London,,
Hazelbend Residence,Enfield,One Bedroom,758,3,Furnished,Yes,10/28/2021,No,No,Buy,Yes,506,1,Detached/Landed,Low,Greater London,,
Emerald Wilds Mansion,Islington,One Bedroom,520,6,Not furnished,No,10/29/2021,No,No,Buy,No,580,1,Detached/Landed,Low,London,,
Lowvalley Chateau,Islington,One Bedroom,500,14,Partially Furnished,No,10/30/2021,No,No,Buy,Yes,604,1,Detached/Landed,Low,London,,
Graceview Chateau,Bromley,Three Bedroom,1150,30,Partially Furnished,No,10/31/2021,Yes,Yes,Buy,No,1042,1,Detached/Landed,Low,Greater London,,
Elm Estate,Lambeth,One Bedroom,430,3,Furnished,Yes,11/1/2021,Yes,No,Rent,No,531,1,Detached/Landed,Low,London,,
Balker Estate,Havering,One Bedroom,675,20,Partially Furnished,No,11/2/2021,No,No,Buy,Yes,560,1,Detached/Landed,Low,Greater London,,
Sulthall Mansion,Haringey,Two Bedroom,1249,10,Not furnished,No,11/3/2021,Yes,Yes,Rent,Yes,850,2,Detached/Landed,Low,Greater London,,
Branhall Estate,Kensington and Chelsea,Two Bedroom,2600,5,Not furnished,No,11/4/2021,No,Yes,Rent,No,756,1,Detached/Landed,Low,Greater London,,
Copeclair Residence,Lewisham,One Bedroom,400,13,Furnished,Yes,11/5/2021,No,No,Buy,No,651,1,Detached/Landed,Low,Greater London,,
Beresvine Residence,Enfield,Two Bedroom,1001,22,Not furnished,No,11/6/2021,Yes,No,Buy,Yes,739,1,Detached/Landed,Low,Greater London,,
Green Meadow Residence,Kingston upon Thames,Two Bedroom,1100,9,Partially Furnished,Yes,11/7/2021,Yes,No,Rent,Yes,803,1,Detached/Landed,Low,London,,
Sugarhill Residence,WEST MIDLANDS,Three Bedroom,580,19,Furnished,No,11/8/2021,Yes,Yes,Buy,No,1077,2,Detached/Landed,Low,London,,
Sugarhill Estate,Lambeth,One Bedroom,425,14,Not furnished,Yes,11/9/2021,No,No,Rent,No,446,1,Detached/Landed,Low,London,,
Wildridge Mansion,Westminster,Four or more Bedrooms,6500,12,Furnished,Yes,11/10/2021,No,Yes,Buy,Yes,1472,5,Detached/Landed,Low,London,,
Rosepetal Mansion,Hackney,One Bedroom,458,5,Not furnished,Yes,11/11/2021,Yes,No,Buy,No,656,1,Detached/Landed,Low,London,,
Norclair Mansion,NORTH EAST,One Bedroom,394,9,Partially Furnished,Yes,11/12/2021,Yes,No,Buy,No,553,1,Detached/Landed,Low,Greater London,,
Rutfield Estate,Ealing,One Bedroom,925,2,Partially Furnished,No,11/13/2021,Yes,No,Buy,No,620,1,Detached/Landed,Low,London,,
Oders Mansion,Croydon,Three Bedroom,1118,22,Not furnished,Yes,11/14/2021,Yes,No,Buy,No,1090,2,Detached/Landed,Low,Greater London,,
Pattermour Estate,Newham,Four or more Bedrooms,1400,4,Partially Furnished,Yes,11/15/2021,No,Yes,Rent,No,1407,6,Detached/Landed,Low,London,,
Pauledge Estate,Brent,One Bedroom,457,16,Partially Furnished,Yes,11/16/2021,Yes,No,Buy,No,671,1,Detached/Landed,Low,Greater London,,
Pakenport,Ealing,One Bedroom,885,12,Not furnished,Yes,11/17/2021,Yes,No,Rent,Yes,446,1,Detached/Landed,Low,Greater London,,
Geendons,Lewisham,Three Bedroom,1220,27,Furnished,No,11/18/2021,Yes,No,Rent,No,1065,1,Detached/Landed,Low,Greater London,,
Vooydings,Camden,One Bedroom,580,1,Not furnished,No,11/19/2021,Yes,No,Buy,No,453,1,Detached/Landed,Low,London,,
Grosstree,Camden,Two Bedroom,1800,4,Partially Furnished,No,11/20/2021,Yes,No,Rent,No,803,1,Detached/Landed,Low,Greater London,,
Osbard,Camden,One Bedroom,1365,12,Not furnished,No,11/21/2021,No,No,Buy,No,438,1,Detached/Landed,Low,Greater London,,
Railluss,Bromley,Three Bedroom,1100,2,Furnished,Yes,11/22/2021,Yes,Yes,Rent,No,982,1,Detached/Landed,Low,Greater London,,
Kilwin,Merton,Four or more Bedrooms,1000,4,Not furnished,Yes,11/23/2021,Yes,Yes,Rent,No,1364,7,Detached/Landed,Low,Greater London,,
Covingridge,Lambeth,Four or more Bedrooms,2167,22,Partially Furnished,Yes,11/24/2021,Yes,No,Rent,Yes,1485,4,Detached/Landed,Low,Greater London,,
Glooppo,Hackney,Four or more Bedrooms,1148,2,Furnished,Yes,11/25/2021,Yes,No,Rent,Yes,1511,6,Detached/Landed,Low,London,,
Monnon,Hounslow,Four or more Bedrooms,975,3,Not furnished,No,11/26/2021,No,Yes,Rent,No,1350,7,Detached/Landed,Low,Greater London,,
Roberthall,Brent,One Bedroom,433,7,Not furnished,No,11/27/2021,No,Yes,Buy,Yes,489,1,Detached/Landed,Low,Greater London,,
Collborne,Kingston upon Thames,Four or more Bedrooms,2000,7,Partially Furnished,Yes,11/28/2021,Yes,No,Rent,No,1451,4,Detached/Landed,Low,Greater London,,
Urbo,Sutton,One Bedroom,430,8,Not furnished,Yes,11/29/2021,Yes,Yes,Buy,Yes,630,1,Detached/Landed,Low,Greater London,,
Downsend,Croydon,Three Bedroom,1118,7,Not furnished,Yes,11/30/2021,Yes,Yes,Rent,Yes,1037,2,Detached/Landed,Low,Greater London,,
Shepgor,Redbridge,Four or more Bedrooms,1500,13,Not furnished,No,12/1/2021,Yes,Yes,Rent,Yes,1367,6,Detached/Landed,Low,Greater London,,
Gallomers,NORTH EAST,Four or more Bedrooms,450,24,Not furnished,No,12/2/2021,No,Yes,Rent,Yes,1443,5,Detached/Landed,Low,Greater London,,
Eatmings,Havering,Four or more Bedrooms,835,18,Furnished,Yes,12/3/2021,Yes,No,Buy,Yes,1352,6,Detached/Landed,Low,Greater London,,
Veeldwu,Greenwich,Four or more Bedrooms,1399,27,Not furnished,No,12/4/2021,Yes,Yes,Buy,No,1389,5,Detached/Landed,Low,London,,
Cherrypond Residence,SOUTH WEST,Four or more Bedrooms,595,7,Not furnished,Yes,12/5/2021,Yes,No,Buy,No,1548,7,Detached/Landed,Low,London,,
Diamond Springs Mansion,Greenwich,Four or more Bedrooms,1325,30,Furnished,No,12/6/2021,No,No,Rent,Yes,1483,7,Detached/Landed,Low,London,,
Noble Oak Chateau,WEST MIDLANDS,Three Bedroom,575,22,Partially Furnished,No,12/7/2021,No,Yes,Rent,Yes,938,1,Detached/Landed,Low,London,,
Bridewater Mansion,Havering,Three Bedroom,950,9,Partially Furnished,Yes,12/8/2021,No,Yes,Rent,Yes,1113,2,Detached/Landed,Low,London,,
Highwood Mansion,EAST MIDLANDS,Four or more Bedrooms,750,22,Not furnished,No,12/9/2021,Yes,No,Rent,No,1367,7,Detached/Landed,Low,London,,
Nicholsay Chateau,Haringey,Three Bedroom,1500,1,Partially Furnished,Yes,12/10/2021,No,Yes,Buy,No,1126,1,Detached/Landed,Low,Greater London,,
Manwens Residence,NORTH WEST,Three Bedroom,575,30,Partially Furnished,Yes,12/11/2021,No,Yes,Buy,Yes,1133,2,Detached/Landed,Low,London,,
Norrett Mansion,Hounslow,Four or more Bedrooms,975,9,Furnished,Yes,12/12/2021,Yes,Yes,Rent,No,1298,4,Detached/Landed,Low,Greater London,,
Colefort Chateau,Lewisham,One Bedroom,775,14,Not furnished,No,12/13/2021,No,No,Buy,No,430,1,Detached/Landed,Low,London,,
Valenherd Chateau,Camden,One Bedroom,585,10,Not furnished,No,12/14/2021,Yes,No,Buy,No,448,1,Detached/Landed,Low,Greater London,,
Forestvale Manor,EAST,One Bedroom,350,11,Furnished,Yes,12/15/2021,No,Yes,Rent,No,679,1,Detached/Landed,Low,London,,
Crystal Lake Chateau,Westminster,Three Bedroom,3077,4,Partially Furnished,Yes,12/16/2021,No,No,Buy,Yes,981,2,Detached/Landed,Low,Greater London,,
Beech Valley Manor,YORKSHIRE AND THE HUMBER,Two Bedroom,450,28,Furnished,Yes,12/17/2021,No,Yes,Buy,No,744,2,Detached/Landed,Low,London,,
Hollylane Chateau,SOUTH EAST,Three Bedroom,850,21,Furnished,Yes,12/18/2021,Yes,Yes,Rent,No,1181,1,Detached/Landed,Low,London,,
Forestvale Chateau,Inner London,Four or more Bedrooms,2383,15,Furnished,Yes,12/19/2021,Yes,No,Rent,Yes,1433,5,Detached/Landed,Low,London,,
Yeatmer Manor,Tower Hamlets,Four or more Bedrooms,2167,8,Not furnished,Yes,12/20/2021,No,Yes,Rent,Yes,1389,6,Detached/Landed,Low,Greater London,,
Frankville Estate,Kingston upon Thames,One Bedroom,390,15,Partially Furnished,No,12/21/2021,Yes,Yes,Buy,No,550,1,Detached/Landed,Low,London,,
Brewdell Manor,Haringey,One Bedroom,953,8,Partially Furnished,No,12/22/2021,No,Yes,Rent,No,664,1,Detached/Landed,Low,London,,
Knapway Mansion,EAST,One Bedroom,490,11,Partially Furnished,No,12/23/2021,No,Yes,Buy,No,652,1,Detached/Landed,Low,London,,
Anderrance Mansion,Tower Hamlets,One Bedroom,459,19,Furnished,Yes,12/24/2021,Yes,No,Rent,No,495,1,Detached/Landed,Low,London,,
Serenity Point Manor,Waltham Forest,Four or more Bedrooms,875,10,Furnished,Yes,12/25/2021,Yes,No,Rent,Yes,1420,5,Detached/Landed,Low,Greater London,,
Summervale Chateau,LONDON,One Bedroom,420,15,Not furnished,Yes,12/26/2021,No,Yes,Rent,No,437,1,Detached/Landed,Low,London,,
Hazelbend Manor,SOUTH EAST,Four or more Bedrooms,725,27,Not furnished,Yes,12/27/2021,No,Yes,Buy,No,1289,5,Detached/Landed,Low,Greater London,,
Humble Hill Mansion,Harrow,Four or more Bedrooms,1750,13,Furnished,Yes,12/28/2021,No,Yes,Rent,Yes,1320,4,Detached/Landed,Low,London,,
Diamond Springs Estate,Hillingdon,Three Bedroom,1179,28,Furnished,Yes,12/29/2021,Yes,No,Rent,No,1129,1,Detached/Landed,Low,Greater London,,
Hubmar Chateau,Islington,Two Bedroom,1603,22,Not furnished,Yes,12/30/2021,No,No,Buy,Yes,786,2,Detached/Landed,Low,Greater London,,
Blangett Residence,LONDON,Three Bedroom,1350,25,Partially Furnished,Yes,12/31/2021,No,No,Rent,Yes,1190,1,Detached/Landed,Low,Greater London,,
Weasend Mansion,Kensington and Chelsea,One Bedroom,625,28,Partially Furnished,No,1/1/2022,Yes,No,Rent,No,603,1,Detached/Landed,Low,London,,
Stonemaker Mansion,Kingston upon Thames,Four or more Bedrooms,1825,9,Partially Furnished,Yes,1/2/2022,Yes,No,Rent,Yes,1305,7,Flat/Appartment,Low,Greater London,,
Hambrandt Estate,Wandsworth,Two Bedroom,1350,3,Furnished,No,1/3/2022,Yes,Yes,Rent,Yes,824,2,Flat/Appartment,Middle,London,,
189 Diamond Crescent,Ealing,Three Bedroom,1300,5,Furnished,No,1/4/2022,Yes,Yes,Buy,Yes,962,1,Flat/Appartment,Middle,London,,
73 St. John's Avenue,SOUTH EAST,Three Bedroom,850,24,Partially Furnished,No,1/5/2022,Yes,No,Rent,Yes,1164,3,Flat/Appartment,Low,London,,
26 Elizabeth Lane,EAST,Two Bedroom,595,23,Not furnished,No,1/6/2022,Yes,Yes,Rent,No,789,2,Flat/Appartment,Low,London,,
61 Grange Manor,SOUTH EAST,Two Bedroom,725,5,Furnished,Yes,1/7/2022,Yes,Yes,Buy,No,736,2,Flat/Appartment,Middle,Greater London,,
76 Grange Road,WEST MIDLANDS,Four or more Bedrooms,825,6,Furnished,No,1/8/2022,Yes,Yes,Buy,Yes,1318,5,Flat/Appartment,High,Greater London,,
93 West Drive,Richmond upon Thames,Three Bedroom,1550,19,Not furnished,Yes,1/9/2022,No,No,Buy,Yes,1098,3,Flat/Appartment,Middle,Greater London,,
91 South Street,Croydon,Four or more Bedrooms,1500,3,Furnished,Yes,1/10/2022,No,Yes,Rent,Yes,1373,5,Flat/Appartment,High,Greater London,,
196 Duchess Manor,NORTH WEST,Three Bedroom,575,21,Not furnished,No,1/11/2022,Yes,Yes,Buy,Yes,996,2,Flat/Appartment,Low,London,,
212 Duchess Street,SOUTH WEST,Three Bedroom,700,14,Furnished,Yes,1/12/2022,No,No,Rent,No,1133,3,Flat/Appartment,Low,London,,
92 St. James Crescent,Bromley,Three Bedroom,1100,26,Partially Furnished,Yes,1/13/2022,Yes,No,Rent,No,1125,3,Flat/Appartment,Low,Greater London,,
184 East Drive,Richmond upon Thames,One Bedroom,975,6,Not furnished,No,1/14/2022,Yes,Yes,Rent,No,400,1,Flat/Appartment,High,London,,
26 Duchess Drive,City of London,Four or more Bedrooms,974,4,Partially Furnished,No,1/15/2022,No,Yes,Rent,Yes,1356,6,Flat/Appartment,High,Greater London,,
24 Victoria Manor,SOUTH WEST,One Bedroom,475,18,Partially Furnished,No,1/16/2022,No,Yes,Buy,Yes,694,1,Flat/Appartment,High,London,,
16 East Street,Enfield,One Bedroom,750,12,Not furnished,No,1/17/2022,No,No,Rent,No,465,1,Flat/Appartment,High,London,,
50 Diamond Street,Merton,One Bedroom,949,17,Not furnished,Yes,1/18/2022,Yes,No,Buy,No,582,1,Flat/Appartment,High,Greater London,,
106 South Street,Hammersmith and Fulham,Two Bedroom,1647,1,Furnished,Yes,1/19/2022,Yes,No,Buy,No,873,2,Flat/Appartment,Middle,London,,
17 South Street,Barnet,Two Bedroom,1170,11,Partially Furnished,Yes,1/20/2022,Yes,No,Rent,Yes,779,2,Flat/Appartment,Low,Greater London,,
9 South Lane,Haringey,Four or more Bedrooms,1950,27,Partially Furnished,No,1/21/2022,Yes,Yes,Buy,Yes,1527,5,Flat/Appartment,High,London,,
11 Victoria Drive,SOUTH EAST,One Bedroom,350,24,Not furnished,Yes,1/22/2022,Yes,Yes,Buy,No,650,1,Flat/Appartment,High,Greater London,,
108 St. John's Lane,Hammersmith and Fulham,Two Bedroom,1495,22,Furnished,Yes,1/23/2022,No,No,Buy,Yes,781,2,Flat/Appartment,Middle,London,,
38 St. John's Drive,Waltham Forest,Four or more Bedrooms,900,14,Not furnished,No,1/24/2022,No,Yes,Rent,Yes,1545,7,Flat/Appartment,Middle,Greater London,,
40 Duchess Avenue,Kingston upon Thames,Two Bedroom,1100,19,Partially Furnished,Yes,1/25/2022,No,Yes,Buy,No,785,2,Flat/Appartment,Middle,Greater London,,
206 South Lane,Ealing,Four or more Bedrooms,1925,21,Partially Furnished,No,1/26/2022,No,No,Rent,No,1228,7,Flat/Appartment,Middle,Greater London,,
142 Duchess Crescent,Enfield,One Bedroom,390,2,Furnished,Yes,1/27/2022,No,No,Rent,Yes,519,1,Flat/Appartment,High,Greater London,,
29 Diamond Drive,Haringey,One Bedroom,997,3,Partially Furnished,No,1/28/2022,Yes,No,Buy,Yes,498,1,Flat/Appartment,Low,Greater London,,
41 St. James Street,Lambeth,Four or more Bedrooms,1200,2,Furnished,Yes,1/29/2022,Yes,Yes,Rent,Yes,1268,6,Flat/Appartment,High,London,,
32 St. James Manor,NORTH WEST,Two Bedroom,495,10,Partially Furnished,No,1/30/2022,Yes,Yes,Rent,No,883,1,Flat/Appartment,Low,London,,
16 St. John's Avenue,Hounslow,Two Bedroom,1050,25,Not furnished,No,1/31/2022,No,Yes,Rent,Yes,746,2,Flat/Appartment,Low,Greater London,,
24 Elizabeth Avenue,Tower Hamlets,Three Bedroom,1733,2,Not furnished,Yes,2/1/2022,No,No,Rent,Yes,961,3,Flat/Appartment,High,Greater London,,
18 Elizabeth Avenue,Richmond upon Thames,One Bedroom,925,2,Partially Furnished,No,2/2/2022,Yes,Yes,Buy,Yes,535,1,Flat/Appartment,High,Greater London,,
63 West Crescent,LONDON,Two Bedroom,1200,27,Not furnished,No,2/3/2022,No,No,Buy,Yes,866,1,Flat/Appartment,Middle,Greater London,,
53 St. John's Lane,Redbridge,One Bedroom,715,6,Partially Furnished,No,2/4/2022,No,Yes,Buy,Yes,487,1,Flat/Appartment,Middle,London,,
144 North Estate,NORTH EAST,One Bedroom,395,25,Not furnished,No,2/5/2022,No,Yes,Rent,No,437,1,Flat/Appartment,Low,London,,
142 North Avenue,Richmond upon Thames,One Bedroom,368,14,Partially Furnished,No,2/6/2022,No,Yes,Rent,No,692,1,Flat/Appartment,Middle,London,,
95 East Manor,Hillingdon,Two Bedroom,950,1,Furnished,Yes,2/7/2022,No,No,Rent,Yes,792,1,Flat/Appartment,Middle,Greater London,,
23 South Street,Barking and Dagenham,One Bedroom,336,26,Not furnished,No,2/8/2022,Yes,Yes,Buy,No,581,1,Flat/Appartment,Low,Greater London,,
126 East Road,Hackney,One Bedroom,446,3,Partially Furnished,No,2/9/2022,Yes,No,Buy,No,473,1,Flat/Appartment,High,Greater London,,
4 St. James Estate,Camden,One Bedroom,575,16,Not furnished,No,2/10/2022,Yes,No,Buy,Yes,536,1,Flat/Appartment,Low,London,,
122 St. James Crescent,Lambeth,One Bedroom,450,9,Partially Furnished,No,2/11/2022,Yes,No,Rent,No,663,1,Flat/Appartment,High,Greater London,,
207 Victoria Drive,LONDON,Two Bedroom,1192,24,Furnished,Yes,2/12/2022,Yes,Yes,Rent,No,809,2,Flat/Appartment,High,Greater London,,
45 St. James Drive,Lambeth,Four or more Bedrooms,1148,7,Furnished,Yes,2/13/2022,No,No,Rent,Yes,1557,4,Flat/Appartment,Middle,London,,
118 Duchess Manor,YORKSHIRE AND THE HUMBER,One Bedroom,286,1,Partially Furnished,Yes,2/14/2022,Yes,Yes,Buy,Yes,514,1,Flat/Appartment,Low,Greater London,,
9 St. John's Crescent,Newham,One Bedroom,800,12,Partially Furnished,Yes,2/15/2022,No,No,Rent,No,443,1,Flat/Appartment,High,Greater London,,
106 St. James Avenue,Southwark,Four or more Bedrooms,1200,3,Not furnished,No,2/16/2022,Yes,Yes,Buy,Yes,1454,4,Flat/Appartment,Low,London,,
197 South Drive,Harrow,One Bedroom,455,12,Partially Furnished,Yes,2/17/2022,Yes,Yes,Buy,No,435,1,Flat/Appartment,Low,Greater London,,
6 Grange Manor,Lewisham,Four or more Bedrooms,1651,18,Furnished,Yes,2/18/2022,No,No,Buy,No,1239,6,Flat/Appartment,Middle,London,,
171 East Crescent,Outer London,Three Bedroom,1225,28,Not furnished,No,2/19/2022,Yes,No,Buy,No,968,1,Flat/Appartment,Low,Greater London,,
31 Elizabeth Drive,EAST MIDLANDS,Four or more Bedrooms,495,7,Not furnished,No,2/20/2022,No,Yes,Buy,Yes,1567,4,Flat/Appartment,Middle,London,,
136 Elizabeth Crescent,Kingston upon Thames,One Bedroom,850,25,Furnished,No,2/21/2022,Yes,Yes,Rent,Yes,619,1,Flat/Appartment,Middle,London,,
123 Elizabeth Street,Camden,One Bedroom,1300,25,Not furnished,Yes,2/22/2022,Yes,No,Rent,No,519,1,Flat/Appartment,Low,London,,
12 North Drive,Lambeth,Three Bedroom,1571,9,Not furnished,Yes,2/23/2022,No,Yes,Buy,No,992,1,Flat/Appartment,Middle,Greater London,,
146 East Avenue,SOUTH WEST,One Bedroom,325,9,Not furnished,No,2/24/2022,Yes,Yes,Buy,No,560,1,Flat/Appartment,Low,Greater London,,
6 South Crescent,Southwark,Three Bedroom,1500,14,Not furnished,Yes,2/25/2022,Yes,Yes,Buy,No,1194,3,Flat/Appartment,Low,Greater London,,
4 West Drive,Croydon,One Bedroom,725,25,Not furnished,Yes,2/26/2022,Yes,No,Buy,No,524,1,Flat/Appartment,High,Greater London,,
44 East Crescent,Barnet,Three Bedroom,1500,2,Furnished,No,2/27/2022,No,No,Rent,Yes,999,2,Flat/Appartment,High,Greater London,,
37 West Avenue,Tower Hamlets,Two Bedroom,1473,25,Furnished,No,2/28/2022,No,Yes,Rent,No,722,2,Flat/Appartment,High,Greater London,,
112 St. James Drive,Bromley,Four or more Bedrooms,875,11,Partially Furnished,No,3/1/2022,Yes,Yes,Rent,Yes,1551,6,Flat/Appartment,Low,Greater London,,
133 St. John's Road,NORTH WEST,One Bedroom,415,22,Not furnished,Yes,3/2/2022,No,Yes,Rent,Yes,446,1,Flat/Appartment,High,Greater London,,
184 West Street,Barking and Dagenham,One Bedroom,665,4,Not furnished,No,3/3/2022,No,No,Rent,No,456,1,Flat/Appartment,Low,London,,
107 South Avenue,City of London,One Bedroom,399,4,Furnished,No,3/4/2022,Yes,Yes,Buy,Yes,556,1,Flat/Appartment,Middle,London,,
136 Diamond Estate,NORTH WEST,One Bedroom,290,14,Partially Furnished,No,3/5/2022,No,No,Buy,Yes,416,1,Flat/Appartment,Low,Greater London,,
10 East Crescent,Ealing,Four or more Bedrooms,1993,13,Not furnished,No,3/6/2022,No,No,Buy,No,1248,7,Flat/Appartment,High,London,,
205 Victoria Manor,SOUTH EAST,Four or more Bedrooms,1400,16,Furnished,Yes,3/7/2022,No,No,Rent,Yes,1303,4,Flat/Appartment,Middle,Greater London,,
211 Diamond Lane,Camden,Four or more Bedrooms,3250,5,Furnished,Yes,3/8/2022,Yes,No,Rent,No,1301,6,Flat/Appartment,Low,London,,
185 St. John's Manor,Haringey,One Bedroom,430,29,Partially Furnished,Yes,3/9/2022,No,No,Rent,No,494,1,Flat/Appartment,Middle,Greater London,,
210 Duchess Street,Enfield,Four or more Bedrooms,975,5,Partially Furnished,No,3/10/2022,No,No,Buy,No,1329,4,Flat/Appartment,High,Greater London,,
137 East Road,Hillingdon,One Bedroom,411,20,Furnished,Yes,3/11/2022,Yes,No,Rent,No,493,1,Flat/Appartment,High,Greater London,,
214 St. James Street,Brent,Three Bedroom,1550,7,Not furnished,No,3/12/2022,Yes,Yes,Buy,Yes,917,1,Flat/Appartment,High,London,,
18 South Manor,Tower Hamlets,Two Bedroom,1517,13,Not furnished,Yes,3/13/2022,Yes,Yes,Buy,No,897,2,Flat/Appartment,High,London,,
155 South Avenue,Enfield,One Bedroom,766,3,Not furnished,Yes,3/14/2022,No,No,Rent,Yes,659,1,Flat/Appartment,High,London,,
83 Victoria Road,Tower Hamlets,Four or more Bedrooms,1300,22,Furnished,Yes,3/15/2022,Yes,Yes,Rent,Yes,1435,5,Flat/Appartment,High,Greater London,,
27 Grange Crescent,NORTH WEST,One Bedroom,415,17,Not furnished,Yes,3/16/2022,No,Yes,Buy,Yes,445,1,Flat/Appartment,Middle,London,,
133 St. James Lane,Richmond upon Thames,Four or more Bedrooms,2850,24,Furnished,Yes,3/17/2022,No,No,Buy,No,1316,7,Flat/Appartment,High,London,,
144 Diamond Estate,Newham,Two Bedroom,950,24,Furnished,Yes,3/18/2022,No,Yes,Rent,Yes,881,2,Flat/Appartment,Low,Greater London,,
4 South Lane,Southwark,One Bedroom,997,27,Furnished,No,3/19/2022,No,Yes,Buy,No,688,1,Flat/Appartment,Low,Greater London,,
146 West Lane,Kensington and Chelsea,Three Bedroom,4333,5,Partially Furnished,No,3/20/2022,Yes,Yes,Buy,No,905,2,Flat/Appartment,High,London,,
145 St. James Manor,Sutton,Four or more Bedrooms,775,10,Furnished,Yes,3/21/2022,Yes,Yes,Rent,No,1260,4,Flat/Appartment,Middle,Greater London,,
109 St. John's Lane,Harrow,Four or more Bedrooms,1050,30,Furnished,Yes,3/22/2022,Yes,No,Rent,Yes,1463,6,Flat/Appartment,High,London,,
115 North Drive,Lewisham,Four or more Bedrooms,1700,29,Partially Furnished,Yes,3/23/2022,No,Yes,Rent,No,1473,6,Flat/Appartment,High,Greater London,,
36 St. John's Street,Waltham Forest,One Bedroom,737,2,Furnished,No,3/24/2022,Yes,No,Buy,Yes,598,1,Flat/Appartment,Low,London,,
152 Duchess Road,Richmond upon Thames,Three Bedroom,1600,15,Partially Furnished,No,3/25/2022,No,Yes,Rent,No,1135,1,Flat/Appartment,Low,London,,
168 South Crescent,Islington,One Bedroom,498,24,Partially Furnished,No,3/26/2022,No,Yes,Buy,No,620,1,Flat/Appartment,High,London,,
158 North Drive,NORTH EAST,Two Bedroom,450,8,Not furnished,Yes,3/27/2022,No,No,Rent,Yes,731,2,Flat/Appartment,Middle,London,,
123 Merton Avenue,WEST MIDLANDS,Four or more Bedrooms,825,3,Not furnished,No,3/28/2022,No,No,Rent,No,1566,4,Flat/Appartment,High,London,,
14 Grange Drive,Richmond upon Thames,Four or more Bedrooms,1150,2,Furnished,Yes,3/29/2022,Yes,Yes,Buy,No,1584,5,Flat/Appartment,High,London,,
188 St. John's Street,Merton,One Bedroom,412,12,Not furnished,No,3/30/2022,Yes,No,Rent,No,507,1,Flat/Appartment,High,Greater London,,
79 Duchess Street,Waltham Forest,One Bedroom,368,7,Partially Furnished,No,3/31/2022,Yes,No,Rent,No,459,1,Flat/Appartment,High,London,,
207 North Avenue,Waltham Forest,Two Bedroom,932,8,Partially Furnished,Yes,4/1/2022,No,No,Buy,Yes,837,2,Flat/Appartment,High,Greater London,,
193 St. James Lane,Ealing,Four or more Bedrooms,1000,23,Furnished,No,4/2/2022,No,No,Rent,Yes,1393,5,Flat/Appartment,Low,Greater London,,
30 South Street,Hillingdon,Three Bedroom,1150,9,Not furnished,No,4/3/2022,No,No,Rent,No,1075,1,Others,Middle,Greater London,,
77 Duchess Estate,LONDON,Four or more Bedrooms,1095,28,Furnished,No,4/4/2022,No,Yes,Rent,No,1375,6,Others,High,London,,
49 St. James Lane,Kingston upon Thames,One Bedroom,850,13,Furnished,No,4/5/2022,No,No,Buy,Yes,581,1,Others,Middle,London,,
196 St. James Road,Enfield,Two Bedroom,1000,24,Furnished,No,4/6/2022,Yes,Yes,Buy,Yes,847,2,Others,Middle,London,,
1 Merton Drive,Wandsworth,One Bedroom,392,20,Furnished,Yes,4/7/2022,Yes,No,Buy,Yes,576,1,Others,Low,London,,
64 West Estate,Lewisham,Two Bedroom,975,29,Furnished,No,4/8/2022,No,No,Rent,No,872,1,Others,High,London,,
150 Merton Drive,Havering,Three Bedroom,975,27,Not furnished,No,4/9/2022,Yes,Yes,Rent,Yes,1164,2,Others,Middle,Greater London,,
49 South Drive,Haringey,Two Bedroom,1235,1,Not furnished,No,4/10/2022,No,Yes,Buy,No,876,2,Others,Middle,Greater London,,
115 South Estate,Inner London,Three Bedroom,1820,14,Not furnished,Yes,4/11/2022,Yes,Yes,Rent,Yes,1143,2,Others,High,London,,
213 St. James Manor,Croydon,Four or more Bedrooms,1450,24,Furnished,No,4/12/2022,Yes,No,Buy,Yes,1251,7,Others,Middle,London,,
96 South Lane,Kingston upon Thames,Four or more Bedrooms,850,8,Furnished,Yes,4/13/2022,No,Yes,Buy,No,1300,7,Others,High,London,,
14 West Street,City of London,Three Bedroom,925,29,Not furnished,Yes,4/14/2022,Yes,Yes,Rent,Yes,1022,1,Others,Low,London,,
19 Duchess Avenue,Bromley,One Bedroom,400,12,Partially Furnished,Yes,4/15/2022,No,Yes,Buy,Yes,579,1,Others,Middle,London,,
124 Diamond Crescent,YORKSHIRE AND THE HUMBER,Four or more Bedrooms,850,1,Not furnished,No,4/16/2022,Yes,Yes,Rent,Yes,1204,7,Others,Middle,Greater London,,
76 Elizabeth Drive,Bromley,One Bedroom,400,30,Partially Furnished,No,4/17/2022,Yes,No,Buy,Yes,512,1,Others,Middle,London,,
2 Duchess Avenue,Havering,One Bedroom,374,11,Partially Furnished,Yes,4/18/2022,No,Yes,Rent,Yes,603,1,Others,High,Greater London,,
7 St. John's Estate,Islington,One Bedroom,1257,19,Partially Furnished,Yes,4/19/2022,No,No,Rent,No,527,1,Others,Middle,London,,
170 Elizabeth Avenue,Kensington and Chelsea,Four or more Bedrooms,2145,24,Furnished,No,4/20/2022,Yes,No,Buy,No,1577,6,Others,Middle,London,,
142 West Manor,Islington,Two Bedroom,1625,3,Partially Furnished,Yes,4/21/2022,Yes,No,Buy,Yes,707,1,Others,Middle,Greater London,,
79 Victoria Crescent,Westminster,Two Bedroom,2275,4,Furnished,Yes,4/22/2022,No,No,Rent,Yes,709,2,Others,High,London,,
128 South Estate,City of London,Four or more Bedrooms,2674,2,Partially Furnished,No,4/23/2022,No,,Rent,Yes,1329,6,Others,Low,London,,
28 East Drive,SOUTH WEST,Four or more Bedrooms,595,8,Partially Furnished,Yes,4/24/2022,Yes,Yes,Rent,No,1248,5,Others,Low,London,,
59 Diamond Road,Merton,Four or more Bedrooms,1750,2,Partially Furnished,Yes,4/25/2022,No,No,Rent,No,1279,4,Others,High,London,,
116 East Manor,Newham,One Bedroom,801,18,Not furnished,No,4/26/2022,Yes,Yes,Buy,No,471,1,Others,Low,Greater London,,
17 Duchess Road,Enfield,Three Bedroom,1250,8,Not furnished,Yes,4/27/2022,No,Yes,Buy,Yes,1164,3,Others,Middle,Greater London,,
155 St. John's Road,Haringey,One Bedroom,430,12,Partially Furnished,Yes,4/28/2022,No,No,Rent,Yes,467,1,Others,Low,London,,
169 Elizabeth Manor,Merton,Three Bedroom,1350,25,Furnished,Yes,4/29/2022,No,No,Buy,No,943,1,Others,Middle,Greater London,,
188 Duchess Lane,EAST MIDLANDS,Three Bedroom,550,23,Furnished,No,4/30/2022,Yes,Yes,Buy,No,1184,3,Others,Middle,London,,
7 North Lane,Hillingdon,One Bedroom,750,14,Partially Furnished,Yes,5/1/2022,Yes,Yes,Buy,No,531,1,Others,High,Greater London,,
150 Grange Street,Southwark,One Bedroom,455,16,Partially Furnished,No,5/2/2022,No,Yes,Rent,Yes,556,1,Others,Low,London,,
121 St. James Avenue,Outer London,One Bedroom,775,30,Not furnished,Yes,5/3/2022,No,Yes,Buy,No,621,1,Others,Low,London,,
114 East Avenue,Haringey,Four or more Bedrooms,901,12,Partially Furnished,No,5/4/2022,Yes,No,Rent,Yes,1428,4,Others,Middle,London,,
13 Diamond Lane,Barnet,One Bedroom,433,11,Furnished,No,5/5/2022,Yes,No,Buy,Yes,469,1,Others,Low,London,,
190 St. James Lane,Westminster,Two Bedroom,2383,14,Furnished,Yes,5/6/2022,No,Yes,Buy,Yes,701,2,Others,Low,Greater London,,
48 Merton Drive,Camden,Four or more Bedrooms,3033,30,Not furnished,Yes,5/7/2022,No,No,Buy,Yes,1451,4,Others,High,London,,
23 Elizabeth Street,Bromley,One Bedroom,725,7,Not furnished,No,5/8/2022,Yes,No,Buy,No,686,1,Others,Low,Greater London,,
200 St. John's Street,EAST MIDLANDS,Four or more Bedrooms,775,12,Furnished,No,5/9/2022,No,Yes,Buy,No,1210,6,Others,High,Greater London,,
33 St. James Street,Waltham Forest,One Bedroom,375,18,Furnished,No,5/10/2022,No,Yes,Buy,No,452,1,Others,Middle,London,,
19 Diamond Avenue,Kensington and Chelsea,Two Bedroom,2492,17,Partially Furnished,No,5/11/2022,No,No,Rent,No,752,1,Others,High,London,,
160 Merton Avenue,Westminster,One Bedroom,650,10,Not furnished,No,5/12/2022,Yes,No,Buy,No,567,1,Others,Low,Greater London,,
172 East Drive,Hammersmith and Fulham,Four or more Bedrooms,1517,24,Furnished,No,5/13/2022,Yes,Yes,Rent,No,1590,5,Others,Low,London,,
109 Elizabeth Estate,Richmond upon Thames,Four or more Bedrooms,1150,11,Furnished,No,5/14/2022,Yes,No,Rent,Yes,1226,5,Others,Middle,Greater London,,
127 St. James Avenue,Hillingdon,Four or more Bedrooms,1500,2,Partially Furnished,No,5/15/2022,Yes,No,Buy,Yes,1341,7,Others,Middle,Greater London,,
190 South Drive,Richmond upon Thames,Two Bedroom,1300,30,Furnished,Yes,5/16/2022,No,No,Buy,No,884,2,Others,High,London,,
1 West Avenue,YORKSHIRE AND THE HUMBER,One Bedroom,286,14,Furnished,Yes,5/17/2022,No,No,Buy,Yes,474,1,Others,High,Greater London,,
174 Duchess Estate,Westminster,One Bedroom,1625,11,Partially Furnished,No,5/18/2022,Yes,No,Buy,Yes,543,1,Others,Low,Greater London,,
127 Diamond Drive,NORTH WEST,Four or more Bedrooms,795,5,Furnished,No,5/19/2022,No,Yes,Rent,Yes,1373,7,Others,Middle,London,,
62 West Road,Southwark,Four or more Bedrooms,2002,30,Partially Furnished,Yes,5/20/2022,Yes,Yes,Buy,No,1414,7,Others,High,Greater London,,
70 St. James Drive,Sutton,One Bedroom,430,5,Partially Furnished,No,5/21/2022,No,No,Rent,No,633,1,Others,High,London,,
26 Grange Drive,Merton,Four or more Bedrooms,1000,27,Furnished,Yes,5/22/2022,No,Yes,Rent,No,1423,5,Others,Low,Greater London,,
90 St. John's Lane,Enfield,Four or more Bedrooms,949,24,Furnished,Yes,5/23/2022,Yes,No,Rent,Yes,1447,7,Others,High,London,,
128 North Drive,Merton,Three Bedroom,1300,25,Furnished,Yes,5/24/2022,Yes,No,Rent,No,1156,3,Others,Low,London,,
69 Grange Road,Brent,Two Bedroom,1300,26,Furnished,Yes,5/25/2022,Yes,No,Rent,No,835,2,Others,Low,Greater London,,
151 Diamond Road,Islington,Four or more Bedrooms,1387,20,Partially Furnished,No,5/26/2022,Yes,No,Rent,No,1581,7,Others,Middle,Greater London,,
105 Grange Road,Croydon,Four or more Bedrooms,1500,11,Not furnished,Yes,5/27/2022,Yes,Yes,Buy,No,1263,6,Others,Middle,Greater London,,
112 Merton Manor,Outer London,One Bedroom,400,15,Furnished,No,5/28/2022,No,No,Buy,No,613,1,Others,High,Greater London,,
135 West Drive,Bexley,One Bedroom,380,1,Not furnished,Yes,5/29/2022,Yes,No,Rent,No,485,1,Others,Low,London,,
59 South Manor,Camden,Three Bedroom,2297,20,Partially Furnished,Yes,5/30/2022,No,Yes,Buy,No,1151,1,Others,Middle,Greater London,,
151 Elizabeth Avenue,Lambeth,Four or more Bedrooms,2145,17,Furnished,Yes,5/31/2022,Yes,No,Rent,No,1572,5,Others,Middle,Greater London,,
7 North Street,Brent,Three Bedroom,1517,20,Partially Furnished,Yes,6/1/2022,No,Yes,Rent,Yes,1067,3,Others,High,London,,
53 West Lane,Bromley,One Bedroom,400,23,Furnished,Yes,6/2/2022,Yes,No,Buy,Yes,507,1,Others,High,London,,
203 West Road,Brent,Four or more Bedrooms,1950,14,Not furnished,Yes,6/3/2022,Yes,No,Rent,No,1458,4,Others,High,London,,
20 East Road,Hackney,One Bedroom,1083,8,Not furnished,Yes,6/4/2022,No,No,Buy,Yes,665,1,Others,High,London,,
123 Diamond Avenue,Inner London,Four or more Bedrooms,1300,7,Furnished,No,6/5/2022,No,Yes,Buy,No,1250,6,Others,Low,Greater London,,
133 St. John's Road,Merton,One Bedroom,900,20,Furnished,Yes,6/6/2022,Yes,Yes,Buy,No,431,1,Others,Middle,London,,
164 Duchess Drive,Outer London,One Bedroom,400,10,Not furnished,Yes,6/7/2022,No,No,Rent,No,498,1,Others,High,Greater London,,
184 Duchess Street,EAST,Three Bedroom,675,7,Furnished,Yes,6/8/2022,No,Yes,Rent,Yes,1035,3,Others,Low,London,,
5 Grange Drive,Hounslow,Four or more Bedrooms,1595,13,Furnished,Yes,6/9/2022,No,Yes,Buy,Yes,1424,4,Others,Middle,Greater London,,
18 North Estate,Bromley,Four or more Bedrooms,1600,16,Not furnished,No,6/10/2022,Yes,No,Buy,Yes,1225,7,Others,Low,Greater London,,
113 Victoria Street,Barnet,Four or more Bedrooms,1062,1,Partially Furnished,No,6/11/2022,Yes,Yes,Buy,Yes,1365,7,Others,Low,Greater London,,
173 Victoria Street,Inner London,Four or more Bedrooms,2383,13,Furnished,No,6/12/2022,Yes,No,Rent,Yes,1231,7,Others,Low,Greater London,,
212 Diamond Manor,Hounslow,One Bedroom,400,27,Furnished,No,6/13/2022,Yes,Yes,Rent,No,690,1,Others,Low,Greater London,,
126 Duchess Avenue,Inner London,One Bedroom,1192,8,Furnished,Yes,6/14/2022,Yes,Yes,Rent,Yes,635,1,Others,Middle,Greater London,,
126 Diamond Manor,Inner London,Two Bedroom,1473,16,Partially Furnished,Yes,6/15/2022,No,No,Rent,Yes,724,2,Others,Middle,London,,
137 Duchess Drive,Hillingdon,Three Bedroom,1200,2,Partially Furnished,No,6/16/2022,No,Yes,Buy,Yes,1045,2,Others,Low,London,,
180 Elizabeth Lane,Newham,One Bedroom,386,2,Not furnished,No,6/17/2022,No,Yes,Rent,No,670,1,Others,Middle,Greater London,,
55 Merton Drive,Hackney,Four or more Bedrooms,1192,24,Not furnished,No,6/18/2022,Yes,No,Rent,Yes,1207,6,Others,Middle,London,,
152 North Drive,SOUTH EAST,Four or more Bedrooms,1400,17,Not furnished,Yes,6/19/2022,No,Yes,Rent,No,1514,4,Others,High,London,,
193 Victoria Manor,WEST MIDLANDS,Four or more Bedrooms,510,4,Furnished,Yes,6/20/2022,No,No,Rent,No,1243,5,Others,Low,Greater London,,
56 Merton Estate,City of London,One Bedroom,450,9,Furnished,No,6/21/2022,No,Yes,Buy,No,623,1,Others,Low,Greater London,,
30 Elizabeth Drive,Newham,Two Bedroom,950,20,Not furnished,Yes,6/22/2022,No,Yes,Rent,No,704,2,Others,High,Greater London,,
13 East Crescent,Westminster,Two Bedroom,2383,20,Not furnished,No,6/23/2022,No,No,Buy,No,793,1,Others,Middle,Greater London,,
153 Diamond Street,Hammersmith and Fulham,Three Bedroom,2275,1,Not furnished,Yes,6/24/2022,No,Yes,Rent,Yes,956,1,Others,Middle,Greater London,,
134 St. John's Road,Redbridge,Two Bedroom,900,18,Partially Furnished,Yes,6/25/2022,No,Yes,Buy,No,714,1,Others,High,London,,
14 St. James Street,Enfield,Three Bedroom,1250,28,Partially Furnished,No,6/26/2022,Yes,No,Rent,Yes,1134,2,Others,High,London,,
33 Grange Road,EAST,Four or more Bedrooms,595,11,Not furnished,No,6/27/2022,No,No,Buy,No,1298,7,Others,Middle,Greater London,,
91 East Street,Westminster,One Bedroom,750,10,Furnished,No,6/28/2022,No,No,Rent,No,510,1,Others,Low,London,,
55 St. John's Avenue,Hillingdon,One Bedroom,420,25,Not furnished,Yes,6/29/2022,No,No,Buy,No,608,1,Others,High,London,,
48 North Drive,Ealing,One Bedroom,450,2,Partially Furnished,No,6/30/2022,No,Yes,Buy,No,529,1,Others,Low,Greater London,,
52 Duchess Road,Kensington and Chelsea,Four or more Bedrooms,8667,3,Not furnished,No,7/1/2022,Yes,Yes,Buy,Yes,1500,5,Others,Low,Greater London,,
160 St. John's Street,Kensington and Chelsea,One Bedroom,1809,3,Not furnished,Yes,7/2/2022,No,No,Buy,Yes,406,1,Others,High,London,,
164 Grange Road,EAST,One Bedroom,480,30,Partially Furnished,Yes,7/3/2022,No,Yes,Buy,No,486,1,Others,Low,London,,
7 East Drive,WEST MIDLANDS,Two Bedroom,500,10,Not furnished,Yes,7/4/2022,Yes,No,Rent,Yes,717,2,Others,Middle,London,,
9 Elizabeth Avenue,Barking and Dagenham,One Bedroom,675,12,Partially Furnished,No,7/5/2022,No,Yes,Rent,Yes,496,1,Others,Low,Greater London,,
45 South Drive,Croydon,One Bedroom,400,3,Furnished,No,7/6/2022,No,No,Rent,No,457,1,Others,Middle,Greater London,,
164 St. James Road,LONDON,One Bedroom,953,6,Not furnished,Yes,7/7/2022,No,No,Buy,No,451,1,Others,High,London,,
76 East Crescent,Barnet,Four or more Bedrooms,2427,18,Partially Furnished,Yes,7/8/2022,Yes,No,Buy,No,1275,5,Others,High,Greater London,,
21 Duchess Lane,LONDON,Four or more Bedrooms,1075,10,Furnished,No,7/9/2022,Yes,Yes,Rent,No,1528,6,Others,Low,London,,
16 South Avenue,Southwark,Four or more Bedrooms,1200,1,Not furnished,No,7/10/2022,Yes,No,Rent,Yes,1260,5,Others,High,London,,
177 Merton Lane,Havering,One Bedroom,368,9,Furnished,No,7/11/2022,Yes,No,Rent,No,557,1,Others,High,Greater London,,
116 St. John's Street,Inner London,One Bedroom,449,8,Partially Furnished,Yes,7/12/2022,Yes,No,Rent,Yes,472,1,Others,Low,London,,
8 St. James Avenue,Outer London,Three Bedroom,1200,7,Partially Furnished,No,7/13/2022,No,Yes,Buy,Yes,1134,2,Others,Low,London,,
45 St. John's Street,Barnet,Three Bedroom,1517,6,Furnished,No,7/14/2022,No,Yes,Buy,Yes,1195,3,Others,Middle,Greater London,,
120 South Manor,SOUTH WEST,One Bedroom,475,16,Furnished,Yes,7/15/2022,Yes,No,Buy,Yes,525,1,Others,High,London,,
150 Elizabeth Road,Hounslow,Four or more Bedrooms,1575,11,Not furnished,Yes,7/16/2022,Yes,Yes,Buy,No,1218,4,Others,Low,London,,
38 St. James Lane,Lewisham,One Bedroom,400,11,Partially Furnished,No,7/17/2022,Yes,No,Rent,Yes,634,1,Others,Middle,Greater London,,
69 Grange Manor,Haringey,Four or more Bedrooms,962,3,Not furnished,Yes,7/18/2022,Yes,No,Buy,Yes,1211,6,Others,Low,London,,
78 North Estate,Barking and Dagenham,Three Bedroom,1000,25,Partially Furnished,Yes,7/19/2022,No,No,Rent,Yes,989,3,Others,Low,London,,
143 Elizabeth Avenue,Barnet,Two Bedroom,1170,1,Not furnished,No,7/20/2022,Yes,No,Rent,Yes,745,2,Others,Middle,London,,
174 East Crescent,Newham,Four or more Bedrooms,1400,6,Not furnished,No,7/21/2022,Yes,No,Buy,Yes,1536,7,Terrace,Low,Greater London,,
153 North Crescent,Harrow,Four or more Bedrooms,1000,8,Partially Furnished,Yes,7/22/2022,No,No,Buy,No,1215,4,Terrace,Low,Greater London,,
111 North Manor,Merton,One Bedroom,412,25,Furnished,Yes,7/23/2022,No,No,Buy,No,463,1,Terrace,Low,Greater London,,
76 Victoria Avenue,NORTH WEST,Four or more Bedrooms,795,29,Not furnished,No,7/24/2022,No,No,Rent,Yes,1445,7,Terrace,Low,Greater London,,
100 St. James Avenue,Richmond upon Thames,One Bedroom,901,10,Partially Furnished,No,7/25/2022,Yes,No,Rent,No,432,1,Terrace,Low,Greater London,,
193 St. James Street,Harrow,Two Bedroom,1000,30,Not furnished,No,7/26/2022,No,Yes,Rent,Yes,700,2,Terrace,Low,London,,
19 Merton Crescent,Waltham Forest,One Bedroom,750,17,Furnished,No,7/27/2022,No,No,Buy,No,444,1,Terrace,Low,London,,
142 Grange Estate,Bexley,Two Bedroom,795,2,Partially Furnished,Yes,7/28/2022,Yes,Yes,Buy,Yes,704,2,Terrace,Low,London,,
163 South Street,EAST,Three Bedroom,675,13,Partially Furnished,No,7/29/2022,Yes,No,Rent,No,1100,3,Terrace,Low,Greater London,,
147 South Avenue,Lambeth,Three Bedroom,1532,26,Furnished,Yes,7/30/2022,No,No,Rent,No,1118,3,Terrace,Low,London,,
50 Grange Crescent,Hounslow,One Bedroom,825,26,Furnished,No,7/31/2022,Yes,Yes,Buy,No,659,1,Terrace,Low,Greater London,,
141 West Street,Westminster,One Bedroom,1603,21,Not furnished,No,8/1/2022,Yes,Yes,Buy,No,449,1,Terrace,Low,London,,
35 North Estate,Richmond upon Thames,Four or more Bedrooms,1050,29,Partially Furnished,No,8/2/2022,Yes,Yes,Rent,No,1241,7,Terrace,Low,London,,
36 Grange Drive,Westminster,Three Bedroom,3120,9,Furnished,No,8/3/2022,No,No,Buy,Yes,1062,3,Terrace,Low,Greater London,,
195 Duchess Street,Richmond upon Thames,One Bedroom,368,23,Furnished,Yes,8/4/2022,Yes,No,Rent,Yes,656,1,Terrace,Low,Greater London,,
174 Merton Street,Kingston upon Thames,Four or more Bedrooms,1950,13,Not furnished,No,8/5/2022,No,Yes,Buy,No,1440,4,Terrace,Low,London,,
15 East Street,SOUTH EAST,One Bedroom,565,6,Furnished,Yes,8/6/2022,No,Yes,Buy,No,535,1,Terrace,Low,London,,
58 Victoria Road,Redbridge,Four or more Bedrooms,875,8,Partially Furnished,Yes,8/7/2022,Yes,No,Buy,No,1257,5,Terrace,Low,London,,
87 St. James Drive,Sutton,Three Bedroom,1150,3,Furnished,Yes,8/8/2022,Yes,Yes,Rent,Yes,1076,2,Terrace,Low,Greater London,,
159 St. James Manor,Wandsworth,One Bedroom,1127,1,Not furnished,No,8/9/2022,Yes,Yes,Buy,Yes,661,1,Terrace,Low,Greater London,,
88 Elizabeth Crescent,EAST MIDLANDS,Two Bedroom,485,28,Furnished,Yes,8/10/2022,No,No,Rent,No,798,1,Terrace,Low,London,,
126 Duchess Avenue,Bexley,Four or more Bedrooms,775,24,Furnished,No,8/11/2022,Yes,Yes,Buy,Yes,1507,4,Terrace,Low,London,,
10 Grange Manor,Redbridge,One Bedroom,390,30,Not furnished,Yes,8/12/2022,No,No,Rent,Yes,607,1,Terrace,Low,Greater London,,
153 St. John's Road,Harrow,Four or more Bedrooms,1650,9,Partially Furnished,Yes,8/13/2022,No,Yes,Rent,Yes,1248,4,Terrace,Low,Greater London,,
182 West Manor,Barking and Dagenham,Two Bedroom,850,1,Not furnished,Yes,8/14/2022,Yes,Yes,Rent,No,829,1,Terrace,Low,Greater London,,
120 Diamond Street,EAST,One Bedroom,347,23,Furnished,Yes,8/15/2022,Yes,Yes,Buy,Yes,492,1,Terrace,Low,Greater London,,
60 West Manor,Tower Hamlets,Four or more Bedrooms,1278,12,Not furnished,Yes,8/16/2022,No,Yes,Buy,Yes,1417,6,Terrace,Low,Greater London,,
126 St. John's Avenue,Croydon,Two Bedroom,900,28,Not furnished,Yes,8/17/2022,No,No,Buy,No,811,2,Terrace,Low,London,,
112 St. John's Lane,Hammersmith and Fulham,Four or more Bedrooms,1430,26,Not furnished,No,8/18/2022,No,No,Rent,Yes,1314,6,Terrace,Low,Greater London,,
26 East Crescent,Croydon,One Bedroom,700,23,Not furnished,Yes,8/19/2022,Yes,No,Rent,No,486,1,Terrace,Low,London,,
103 West Crescent,NORTH WEST,Two Bedroom,495,30,Furnished,Yes,8/20/2022,Yes,Yes,Rent,No,709,2,Terrace,Low,Greater London,,
144 Grange Drive,Brent,One Bedroom,953,1,Furnished,No,8/21/2022,Yes,Yes,Buy,Yes,491,1,Terrace,Low,London,,
3 Elizabeth Manor,Greenwich,Two Bedroom,900,5,Furnished,Yes,8/22/2022,No,No,Buy,No,795,1,Terrace,Low,Greater London,,
72 South Crescent,Hillingdon,Two Bedroom,925,29,Not furnished,No,8/23/2022,No,Yes,Rent,Yes,763,2,Terrace,Low,London,,
199 North Manor,Harrow,Two Bedroom,975,5,Furnished,Yes,8/24/2022,No,Yes,Buy,No,790,2,Terrace,Low,London,,
203 West Avenue,Greenwich,One Bedroom,390,10,Partially Furnished,No,8/25/2022,Yes,Yes,Buy,Yes,453,1,Terrace,Low,Greater London,,
107 Grange Estate,Hounslow,Four or more Bedrooms,1000,26,Furnished,No,8/26/2022,Yes,No,Rent,Yes,1293,7,Terrace,Low,Greater London,,
159 North Road,Tower Hamlets,One Bedroom,1170,8,Furnished,Yes,8/27/2022,No,No,Rent,Yes,482,1,Terrace,Low,London,,
48 Diamond Estate,Kensington and Chelsea,Four or more Bedrooms,2167,3,Not furnished,No,8/28/2022,Yes,No,Buy,Yes,1591,5,Terrace,Low,Greater London,,
116 Diamond Estate,EAST,Four or more Bedrooms,1020,7,Partially Furnished,Yes,8/29/2022,Yes,No,Buy,Yes,1371,4,Terrace,Low,London,,
139 West Crescent,YORKSHIRE AND THE HUMBER,Three Bedroom,525,26,Furnished,No,8/30/2022,No,Yes,Buy,Yes,984,1,Terrace,Low,Greater London,,
106 Diamond Road,Wandsworth,One Bedroom,412,13,Furnished,No,8/31/2022,No,No,Rent,Yes,537,1,Terrace,Low,Greater London,,
193 Merton Crescent,LONDON,Four or more Bedrooms,2002,7,Furnished,Yes,9/1/2022,Yes,Yes,Buy,Yes,1499,4,Terrace,Low,Greater London,,
75 Diamond Street,Enfield,Three Bedroom,1250,13,Furnished,Yes,9/2/2022,No,Yes,Buy,No,1155,2,Terrace,Low,London,,
74 Duchess Estate,Hackney,Two Bedroom,1387,21,Not furnished,Yes,9/3/2022,No,No,Rent,No,704,2,Terrace,Low,Greater London,,
139 Diamond Crescent,Enfield,Four or more Bedrooms,1600,1,Partially Furnished,No,9/4/2022,No,Yes,Rent,Yes,1442,7,Terrace,Low,London,,
105 Grange Crescent,NORTH EAST,Two Bedroom,450,20,Not furnished,Yes,9/5/2022,No,No,Buy,Yes,702,1,Terrace,Low,Greater London,,
10 Merton Manor,LONDON,One Bedroom,420,14,Furnished,No,9/6/2022,Yes,Yes,Rent,No,405,1,Terrace,Low,London,,
134 North Lane,EAST MIDLANDS,Two Bedroom,475,23,Not furnished,Yes,9/7/2022,Yes,Yes,Rent,Yes,785,1,Terrace,Low,Greater London,,
20 Duchess Lane,Ealing,Four or more Bedrooms,2097,1,Partially Furnished,No,9/8/2022,Yes,No,Rent,Yes,1313,5,Terrace,Low,Greater London,,
56 St. John's Estate,Richmond upon Thames,Four or more Bedrooms,2900,18,Furnished,Yes,9/9/2022,Yes,No,Rent,No,1284,5,Terrace,Low,London,,
144 North Crescent,Inner London,Four or more Bedrooms,2383,19,Partially Furnished,Yes,9/10/2022,No,Yes,Buy,No,1391,5,Terrace,Low,Greater London,,
117 St. John's Estate,Tower Hamlets,One Bedroom,1148,18,Partially Furnished,Yes,9/11/2022,Yes,No,Rent,No,487,1,Terrace,Low,London,,
188 Diamond Lane,Inner London,One Bedroom,448,28,Partially Furnished,Yes,9/12/2022,Yes,Yes,Buy,No,626,1,Terrace,Low,Greater London,,
88 West Estate,Southwark,Four or more Bedrooms,2001,6,Partially Furnished,No,9/13/2022,No,Yes,Rent,Yes,1473,6,Terrace,Low,Greater London,,
193 Grange Road,Southwark,One Bedroom,997,21,Not furnished,Yes,9/14/2022,Yes,No,Rent,No,437,1,Terrace,Low,London,,
45 Victoria Lane,Sutton,Two Bedroom,850,21,Furnished,Yes,9/15/2022,Yes,Yes,Buy,No,752,1,Terrace,Low,Greater London,,
164 South Estate,Barnet,Four or more Bedrooms,2383,25,Furnished,No,9/16/2022,No,No,Buy,Yes,1251,5,Terrace,Low,Greater London,,
21 St. James Road,Lewisham,One Bedroom,420,9,Partially Furnished,No,9/17/2022,No,Yes,Rent,Yes,553,1,Terrace,Low,Greater London,,
55 Merton Street,Bromley,Four or more Bedrooms,916,25,Partially Furnished,Yes,9/18/2022,Yes,No,Rent,Yes,1598,5,Terrace,Low,London,,
100 North Estate,Hackney,Four or more Bedrooms,2167,5,Furnished,No,9/19/2022,No,No,Rent,No,1572,6,Terrace,Low,Greater London,,
173 South Road,YORKSHIRE AND THE HUMBER,Four or more Bedrooms,455,28,Partially Furnished,Yes,9/20/2022,No,No,Buy,Yes,1337,5,Terrace,Low,London,,
154 Elizabeth Road,Harrow,One Bedroom,810,14,Not furnished,Yes,9/21/2022,No,Yes,Rent,Yes,670,1,Terrace,Low,Greater London,,
74 East Crescent,Inner London,One Bedroom,1170,11,Furnished,Yes,9/22/2022,Yes,Yes,Buy,No,639,1,Terrace,Low,Greater London,,
193 West Drive,Croydon,One Bedroom,395,25,Not furnished,Yes,9/23/2022,Yes,No,Rent,Yes,677,1,Terrace,Low,London,,
41 West Street,Merton,One Bedroom,850,10,Partially Furnished,Yes,9/24/2022,No,Yes,Rent,No,491,1,Terrace,Low,Greater London,,
44 Elizabeth Manor,Bexley,One Bedroom,380,14,Partially Furnished,No,9/25/2022,Yes,No,Buy,Yes,524,1,Terrace,Low,Greater London,,
65 St. John's Avenue,Ealing,Four or more Bedrooms,1000,24,Not furnished,Yes,9/26/2022,No,Yes,Buy,No,1352,6,Terrace,Low,London,,
154 North Street,Hillingdon,Four or more Bedrooms,925,21,Partially Furnished,Yes,9/27/2022,No,No,Rent,No,1534,7,Terrace,Low,Greater London,,
158 Elizabeth Road,Greenwich,One Bedroom,390,27,Furnished,No,9/28/2022,No,Yes,Rent,Yes,592,1,Terrace,Low,Greater London,,
148 South Avenue,Brent,One Bedroom,433,11,Partially Furnished,Yes,9/29/2022,No,Yes,Buy,Yes,422,1,Terrace,Low,London,,
1 West Lane,Hackney,One Bedroom,1127,17,Furnished,Yes,9/30/2022,Yes,No,Buy,Yes,670,1,Terrace,Low,London,,
68 West Estate,Harrow,Three Bedroom,1250,28,Not furnished,No,10/1/2022,No,No,Buy,No,1006,3,Terrace,Low,London,,
67 Merton Street,Barking and Dagenham,One Bedroom,350,18,Furnished,Yes,10/2/2022,No,Yes,Buy,No,440,1,Terrace,Low,London,,
125 East Estate,Islington,Three Bedroom,1950,17,Not furnished,Yes,10/3/2022,No,Yes,Rent,Yes,1149,3,Terrace,Low,Greater London,,
67 St. James Lane,Sutton,Four or more Bedrooms,800,29,Not furnished,Yes,10/4/2022,No,No,Buy,No,1429,7,Terrace,Low,Greater London,,
201 North Manor,Newham,Four or more Bedrooms,1350,13,Not furnished,Yes,10/5/2022,No,No,Buy,Yes,1519,7,Terrace,Low,Greater London,,
75 St. John's Crescent,YORKSHIRE AND THE HUMBER,One Bedroom,298,10,Not furnished,No,10/6/2022,No,Yes,Buy,Yes,660,1,Terrace,Low,Greater London,,
177 Duchess Road,YORKSHIRE AND THE HUMBER,Four or more Bedrooms,470,5,Partially Furnished,Yes,10/7/2022,Yes,No,Buy,No,1538,5,Terrace,Low,Greater London,,
203 East Crescent,NORTH EAST,One Bedroom,271,27,Not furnished,Yes,10/8/2022,No,No,Buy,Yes,433,1,Terrace,Low,Greater London,,
124 South Road,Havering,Three Bedroom,978,18,Furnished,No,10/9/2022,No,Yes,Rent,Yes,1151,2,Terrace,Low,London,,
156 Diamond Street,Bexley,Two Bedroom,800,6,Not furnished,No,10/10/2022,No,No,Buy,Yes,828,2,Terrace,Low,Greater London,,
44 West Lane,Bexley,Four or more Bedrooms,800,15,Not furnished,No,10/11/2022,No,No,Rent,Yes,1471,5,Terrace,Low,Greater London,,
199 Duchess Drive,Hackney,Three Bedroom,1731,27,Furnished,Yes,10/12/2022,No,Yes,Rent,Yes,1172,3,Terrace,Low,Greater London,,
176 Duchess Crescent,Bexley,One Bedroom,650,28,Not furnished,No,10/13/2022,Yes,No,Rent,No,506,1,Terrace,Low,Greater London,,
177 Victoria Avenue,Bexley,Three Bedroom,1000,23,Partially Furnished,Yes,10/14/2022,Yes,No,Buy,Yes,988,1,Terrace,Low,London,,
185 St. John's Road,EAST MIDLANDS,Two Bedroom,480,24,Partially Furnished,Yes,10/15/2022,No,Yes,Rent,Yes,709,1,Terrace,Low,London,,
153 East Street,Hounslow,One Bedroom,825,15,Not furnished,Yes,10/16/2022,Yes,Yes,Buy,Yes,422,1,Terrace,Low,London,,
94 Duchess Drive,WEST MIDLANDS,One Bedroom,425,10,Not furnished,Yes,10/17/2022,No,No,Buy,Yes,651,1,Terrace,Low,Greater London,,
66 Grange Avenue,NORTH EAST,Four or more Bedrooms,450,26,Furnished,Yes,10/18/2022,Yes,No,Buy,No,1305,6,Terrace,Low,London,,
26 Grange Road,Tower Hamlets,Three Bedroom,1733,27,Not furnished,No,10/19/2022,No,No,Buy,Yes,1126,3,Terrace,Low,London,,
192 Elizabeth Estate,EAST,Four or more Bedrooms,1000,9,Partially Furnished,Yes,10/20/2022,No,Yes,Buy,No,1465,5,Terrace,Low,London,,
31 Grange Estate,LONDON,Three Bedroom,1350,27,Not furnished,No,10/21/2022,No,No,Buy,Yes,1095,2,Terrace,Low,Greater London,,
195 St. James Crescent,Hillingdon,Four or more Bedrooms,1598,25,Partially Furnished,No,10/22/2022,No,No,Buy,Yes,1409,7,Terrace,Low,Greater London,,
166 Diamond Crescent,Islington,Two Bedroom,1625,13,Partially Furnished,Yes,10/23/2022,Yes,Yes,Buy,No,706,2,Terrace,Low,Greater London,,
31 Diamond Street,Haringey,Two Bedroom,1213,27,Not furnished,No,10/24/2022,No,No,Rent,No,783,2,Terrace,Low,London,,
18 West Road,Wandsworth,Three Bedroom,1700,12,Partially Furnished,Yes,10/25/2022,Yes,No,Buy,No,1089,3,Terrace,Low,London,,
146 Duchess Drive,EAST MIDLANDS,Three Bedroom,550,3,Not furnished,No,10/26/2022,Yes,Yes,Buy,Yes,1075,2,Terrace,Low,Greater London,,
143 Grange Manor,Ealing,Two Bedroom,1200,9,Partially Furnished,No,10/27/2022,Yes,No,Buy,No,890,2,Terrace,Low,Greater London,,
116 North Drive,SOUTH WEST,Two Bedroom,595,27,Not furnished,Yes,10/28/2022,Yes,No,Buy,Yes,802,1,Terrace,Low,Greater London,,
57 St. John's Street,Redbridge,Four or more Bedrooms,850,11,Partially Furnished,No,10/29/2022,No,No,Rent,No,1537,7,Terrace,Low,London,,
114 Duchess Lane,Inner London,One Bedroom,1170,8,Not furnished,Yes,10/30/2022,Yes,Yes,Buy,Yes,442,1,Terrace,Low,London,,
130 Diamond Manor,Redbridge,One Bedroom,410,18,Furnished,Yes,10/31/2022,No,No,Buy,No,460,1,Terrace,Low,London,,
130 Merton Estate,Havering,Two Bedroom,825,10,Furnished,Yes,11/1/2022,Yes,No,Buy,No,755,2,Terrace,Low,London,,
147 Duchess Lane,Inner London,Four or more Bedrooms,1300,2,Not furnished,Yes,11/2/2022,Yes,Yes,Rent,Yes,1257,5,Terrace,Low,London,,
88 St. John's Estate,Tower Hamlets,One Bedroom,520,8,Partially Furnished,Yes,11/3/2022,No,Yes,Rent,No,400,1,Terrace,Low,Greater London,,
25 Merton Crescent,EAST MIDLANDS,Four or more Bedrooms,760,1,Partially Furnished,No,11/4/2022,Yes,Yes,Rent,Yes,1335,5,Terrace,Low,Greater London,,
81 West Lane,Hammersmith and Fulham,One Bedroom,559,12,Partially Furnished,No,11/5/2022,Yes,No,Buy,Yes,676,1,Terrace,Low,London,,
105 Victoria Street,EAST,Two Bedroom,585,3,Not furnished,No,11/6/2022,Yes,Yes,Buy,Yes,752,2,Terrace,Low,Greater London,,
128 Diamond Drive,Camden,One Bedroom,575,15,Not furnished,Yes,11/7/2022,Yes,No,Buy,Yes,695,1,Terrace,Low,Greater London,,
8 Diamond Estate,EAST MIDLANDS,Three Bedroom,550,20,Not furnished,No,11/8/2022,Yes,Yes,Rent,Yes,1023,3,Terrace,Low,London,,
134 West Street,EAST MIDLANDS,One Bedroom,295,23,Partially Furnished,No,11/9/2022,Yes,No,Buy,Yes,488,1,Terrace,Low,Greater London,,
200 East Drive,Brent,Four or more Bedrooms,1148,19,Furnished,No,11/10/2022,Yes,No,Buy,Yes,1236,5,Terrace,Low,Greater London,,
14 Elizabeth Road,Lewisham,Four or more Bedrooms,850,2,Partially Furnished,Yes,11/11/2022,Yes,No,Buy,No,1500,6,Terrace,Low,Greater London,,
209 West Road,Harrow,Two Bedroom,1027,21,Furnished,Yes,11/12/2022,Yes,Yes,Buy,No,711,2,Terrace,Low,Greater London,,
169 East Drive,Brent,Two Bedroom,1300,30,Furnished,No,11/13/2022,No,Yes,Rent,No,780,2,Terrace,Low,London,,
19 South Lane,Westminster,One Bedroom,650,16,Partially Furnished,No,11/14/2022,No,Yes,Rent,No,542,1,Terrace,Low,London,,
35 Diamond Estate,Barking and Dagenham,Four or more Bedrooms,1250,22,Not furnished,No,11/15/2022,No,Yes,Rent,Yes,1208,7,Terrace,Low,Greater London,,
201 Grange Drive,SOUTH WEST,Four or more Bedrooms,1080,30,Furnished,No,11/16/2022,No,No,Rent,Yes,1592,5,Terrace,Low,London,,
178 Victoria Manor,Outer London,Four or more Bedrooms,1800,14,Furnished,No,11/17/2022,No,Yes,Buy,No,1262,5,Terrace,Low,Greater London,,
72 Merton Lane,Haringey,Four or more Bedrooms,2100,4,Partially Furnished,No,11/18/2022,No,Yes,Buy,Yes,1462,4,Terrace,Low,Greater London,,
,,,,,,,,,,,,,,,,,,
,,,,,,,,,,,,,,,,,,
,,,,,,,,,,,,,,,,,,
,,,,,,,,,,,,,,,,,,
,,,,,,,,,,,,,,,,,,
,,,,,,,,,,,,,,,,,,
,,,,,,,,,,,,,,,,,,
,,,,,,,,,,,,,,,,,,
,,,,,,,,,,,,,,,,,,
,,,,,,,,,,,,,,,,,,
,,,,,,,,,,,,,,,,,,
,,,,,,,,,,,,,,,,,,
,,,,,,,,,,,,,,,,,,
,,,,,,,,,,,,,,,,,,
,,,,,,,,,,,,,,,,,,
,,,,,,,,,,,,,,,,,,
,,,,,,,,,,,,,,,,,,
,,,,,,,,,,,,,,,,,,
,,,,,,,,,,,,,,,,,,
,,,,,,,,,,,,,,,,,,
,,,,,,,,,,,,,,,,,,
,,,,,,,,,,,,,,,,,,
,,,,,,,,,,,,,,,,,,
,,,,,,,,,,,,,,,,,,
,,,,,,,,,,,,,,,,,,
,,,,,,,,,,,,,,,,,,
,,,,,,,,,,,,,,,,,,
,,,,,,,,,,,,,,,,,,
,,,,,,,,,,,,,,,,,,
,,,,,,,,,,,,,,,,,,
,,,,,,,,,,,,,,,,,,
,,,,,,,,,,,,,,,,,,
,,,,,,,,,,,,,,,,,,
,,,,,,,,,,,,,,,,,,
,,,,,,,,,,,,,,,,,,
,,,,,,,,,,,,,,,,,,
,,,,,,,,,,,,,,,,,,
,,,,,,,,,,,,,,,,,,
,,,,,,,,,,,,,,,,,,
,,,,,,,,,,,,,,,,,,
,,,,,,,,,,,,,,,,,,
,,,,,,,,,,,,,,,,,,
,,,,,,,,,,,,,,,,,,
,,,,,,,,,,,,,,,,,,
,,,,,,,,,,,,,,,,,,
,,,,,,,,,,,,,,,,,,
,,,,,,,,,,,,,,,,,,
,,,,,,,,,,,,,,,,,,
,,,,,,,,,,,,,,,,,,
,,,,,,,,,,,,,,,,,,
,,,,,,,,,,,,,,,,,,
,,,,,,,,,,,,,,,,,,
,,,,,,,,,,,,,,,,,,
,,,,,,,,,,,,,,,,,,
,,,,,,,,,,,,,,,,,,
,,,,,,,,,,,,,,,,,,
,,,,,,,,,,,,,,,,,,
,,,,,,,,,,,,,,,,,,
,,,,,,,,,,,,,,,,,,
,,,,,,,,,,,,,,,,,,
,,,,,,,,,,,,,,,,,,
,,,,,,,,,,,,,,,,,,
,,,,,,,,,,,,,,,,,,
,,,,,,,,,,,,,,,,,,
,,,,,,,,,,,,,,,,,,
,,,,,,,,,,,,,,,,,,
,,,,,,,,,,,,,,,,,,
,,,,,,,,,,,,,,,,,,
,,,,,,,,,,,,,,,,,,
,,,,,,,,,,,,,,,,,,
,,,,,,,,,,,,,,,,,,
,,,,,,,,,,,,,,,,,,
,,,,,,,,,,,,,,,,,,
,,,,,,,,,,,,,,,,,,
,,,,,,,,,,,,,,,,,,
,,,,,,,,,,,,,,,,,,
,,,,,,,,,,,,,,,,,,
,,,,,,,,,,,,,,,,,,
,,,,,,,,,,,,,,,,,,
,,,,,,,,,,,,,,,,,,
,,,,,,,,,,,,,,,,,,
,,,,,,,,,,,,,,,,,,
,,,,,,,,,,,,,,,,,,
,,,,,,,,,,,,,,,,,,
,,,,,,,,,,,,,,,,,,
,,,,,,,,,,,,,,,,,,
,,,,,,,,,,,,,,,,,,
,,,,,,,,,,,,,,,,,,
,,,,,,,,,,,,,,,,,,
,,,,,,,,,,,,,,,,,,
,,,,,,,,,,,,,,,,,,
,,,,,,,,,,,,,,,,,,
,,,,,,,,,,,,,,,,,,
,,,,,,,,,,,,,,,,,,
,,,,,,,,,,,,,,,,,,
,,,,,,,,,,,,,,,,,,
,,,,,,,,,,,,,,,,,,
,,,,,,,,,,,,,,,,,,
,,,,,,,,,,,,,,,,,,
,,,,,,,,,,,,,,,,,,
,,,,,,,,,,,,,,,,,,
,,,,,,,,,,,,,,,,,,
,,,,,,,,,,,,,,,,,,
,,,,,,,,,,,,,,,,,,
,,,,,,,,,,,,,,,,,,
,,,,,,,,,,,,,,,,,,
,,,,,,,,,,,,,,,,,,
,,,,,,,,,,,,,,,,,,
,,,,,,,,,,,,,,,,,,
,,,,,,,,,,,,,,,,,,
,,,,,,,,,,,,,,,,,,
,,,,,,,,,,,,,,,,,,
,,,,,,,,,,,,,,,,,,
,,,,,,,,,,,,,,,,,,
,,,,,,,,,,,,,,,,,,
,,,,,,,,,,,,,,,,,,
,,,,,,,,,,,,,,,,,,
,,,,,,,,,,,,,,,,,,
,,,,,,,,,,,,,,,,,,
,,,,,,,,,,,,,,,,,,
,,,,,,,,,,,,,,,,,,
,,,,,,,,,,,,,,,,,,
,,,,,,,,,,,,,,,,,,
,,,,,,,,,,,,,,,,,,
,,,,,,,,,,,,,,,,,,
,,,,,,,,,,,,,,,,,,
,,,,,,,,,,,,,,,,,,
,,,,,,,,,,,,,,,,,,